[
  {
    "year" : 1964,
    "songs" : [
      "And I Love Her",
      "Any Time at All",
      "Can't Buy Me Love",
      "A Hard Day's Night",
      "I Should Have Known Better",
      "I'll Be Back",
      "I'll Cry Instead",
      "I'm Happy Just to Dance with You",
      "If I Fell",
      "Tell Me Why",
      "Things We Said Today",
      "When I Get Home",
      "You Can't Do That"
    ],
    "name" : "A Hard Day's Night",
    "cover" : "hard_days_night",
    "wikipedia": "",
  },
  {
    "year" : 1966,
    "songs" : [
      "And Your Bird Can Sing",
      "Doctor Robert",
      "Eleanor Rigby",
      "For No One",
      "Good Day Sunshine",
      "Got to Get You into My Life",
      "Here, There and Everywhere",
      "I Want to Tell You",
      "I'm Only Sleeping",
      "Love You To",
      "She Said She Said",
      "Taxman",
      "Tomorrow Never Knows",
      "Yellow Submarine"
    ],
    "name" : "Revolver",
    "cover" : "revolver",
    "wikipedia": "",
  },
  {
    "year" : 1963,
    "songs" : [
      "Bad Boy",
      "The Ballad of John and Yoko",
      "Day Tripper",
      "Don't Let Me Down",
      "From Me to You",
      "Hey Jude",
      "I Call Your Name",
      "I Feel Fine",
      "I Want to Hold Your Hand",
      "I'll Get You",
      "I'm Down",
      "The Inner Light",
      "Komm, gib mir deine Hand",
      "Lady Madonna",
      "Long Tall Sally",
      "Matchbox",
      "Old Brown Shoe",
      "Paperback Writer",
      "Rain",
      "Revolution",
      "She Loves You",
      "She's a Woman",
      "Sie liebt dich",
      "Slow Down",
      "Thank You Girl",
      "This Boy",
      "We Can Work It Out",
      "Yes It Is",
      "You Know My Name (Look Up the Number)"
    ],
    "name" : "Past Masters",
    "cover" : "past_masters",
    "wikipedia": "",
  },
  {
    "year" : 1968,
    "songs" : [
      "Back in the U.S.S.R.",
      "Birthday",
      "Blackbird",
      "The Continuing Story of Bungalow Bill",
      "Cry Baby Cry",
      "Dear Prudence",
      "Don't Pass Me By",
      "Everybody's Got Something to Hide Except Me and My Monkey",
      "Glass Onion",
      "Good Night",
      "Happiness Is a Warm Gun",
      "Helter Skelter",
      "Honey Pie",
      "I Will",
      "I'm So Tired",
      "Julia",
      "Long, Long, Long",
      "Martha My Dear",
      "Mother Nature's Son",
      "Ob-La-Di, Ob-La-Da",
      "Piggies",
      "Revolution 1",
      "Revolution 9",
      "Rocky Raccoon",
      "Savoy Truffle",
      "Sexy Sadie",
      "While My Guitar Gently Weeps",
      "Why Don't We Do It in the Road?",
      "Wild Honey Pie",
      "Yer Blues"
    ],
    "name" : "Beatles White Album",
    "cover" : "white_album",
    "wikipedia": "",
  },
  {
    "year" : 1969,
    "songs" : [
      "Across the Universe",
      "Dig a Pony",
      "Dig It",
      "For You Blue",
      "Get Back",
      "I Me Mine",
      "I've Got a Feeling",
      "Let It Be",
      "The Long and Winding Road",
      "Maggie Mae",
      "One After 909",
      "Two of Us"
    ],
    "name" : "Let It Be",
    "cover" : "let_it_be",
    "wikipedia": "",
  },
  {
    "year" : 1962,
    "songs" : [
      "Anna (Go to Him)",
      "Ask Me Why",
      "Baby It's You",
      "Boys",
      "Chains",
      "Do You Want to Know a Secret",
      "I Saw Her Standing There",
      "Love Me Do",
      "Misery",
      "P.S. I Love You",
      "Please Please Me",
      "A Taste of Honey",
      "There's a Place",
      "Twist and Shout"
    ],
    "name" : "Please Please Me",
    "cover" : "please_please_me",
    "wikipedia": "Please Please Me is the debut studio album by the English rock band the Beatles. Produced by George Martin, it was released in the UK on EMI's Parlophone label on 22 March 1963. The album is 14 songs in length, and contains a mixture of cover songs and original material written by the partnership of the band's John Lennon and Paul McCartney."
  },
  {
    "year" : 1969,
    "songs" : [
      "All Together Now",
      "Hey Bulldog",
      "It's All Too Much",
      "Only a Northern Song"
    ],
    "name" : "Yellow Submarine",
    "cover" : "yellow_submarine",
    "wikipedia": "",
  },
  {
    "year" : 1964,
    "songs" : [
      "Baby's in Black",
      "Eight Days a Week",
      "Every Little Thing",
      "Everybody's Trying to Be My Baby",
      "Honey Don't",
      "I Don't Want to Spoil the Party",
      "I'll Follow the Sun",
      "I'm a Loser",
      "Kansas City\/Hey-Hey-Hey-Hey!",
      "Mr. Moonlight",
      "No Reply",
      "Rock and Roll Music",
      "What You're Doing",
      "Words of Love"
    ],
    "name" : "Beatles for Sale",
    "cover" : "beatles_for_sale",
    "wikipedia": "",
  },
  {
    "year" : 1965,
    "songs" : [
      "Act Naturally",
      "Another Girl",
      "Dizzy, Miss Lizzy",
      "Help!",
      "I Need You",
      "I've Just Seen a Face",
      "It's Only Love",
      "The Night Before",
      "Tell Me What You See",
      "Ticket to Ride",
      "Yesterday",
      "You Like Me Too Much",
      "You're Going to Lose That Girl",
      "You've Got to Hide Your Love Away"
    ],
    "name" : "Help!",
    "cover" : "help",
    "wikipedia": "",
  },
  {
    "year" : 1967,
    "songs" : [
      "All You Need Is Love",
      "Baby, You're a Rich Man",
      "Blue Jay Way",
      "Flying",
      "The Fool on the Hill",
      "Hello, Goodbye",
      "I Am the Walrus",
      "Magical Mystery Tour",
      "Penny Lane",
      "Strawberry Fields Forever",
      "Your Mother Should Know"
    ],
    "name" : "Magical Mystery Tour",
    "cover" : "magical_mystery_tour",
    "wikipedia": "",
  },
  {
    "year" : 1963,
    "songs" : [
      "All I've Got to Do",
      "All My Loving",
      "Devil in Her Heart",
      "Don't Bother Me",
      "Hold Me Tight",
      "I Wanna Be Your Man",
      "It Won't Be Long",
      "Little Child",
      "Money (That's What I Want)",
      "Not a Second Time",
      "Please Mr. Postman",
      "Roll Over Beethoven",
      "Till There Was You",
      "You Really Got a Hold on Me"
    ],
    "name" : "With the Beatles",
    "cover" : "with_the_beatles",
    "wikipedia": "",
  },
  {
    "year" : 1969,
    "songs" : [
      "Because",
      "Carry That Weight",
      "Come Together",
      "The End",
      "Golden Slumbers",
      "Her Majesty",
      "Here Comes the Sun",
      "I Want You (She's So Heavy)",
      "Maxwell's Silver Hammer",
      "Mean Mr. Mustard",
      "Octopus's Garden",
      "Oh! Darling",
      "Polythene Pam",
      "She Came In Through the Bathroom Window",
      "Something",
      "Sun King",
      "You Never Give Me Your Money"
    ],
    "name" : "Abbey Road",
    "cover" : "abbey_road",
    "wikipedia": "",
  },
  {
    "year" : 1965,
    "songs" : [
      "Drive My Car",
      "Girl",
      "I'm Looking Through You",
      "If I Needed Someone",
      "In My Life",
      "Michelle",
      "Norwegian Wood (This Bird Has Flown)",
      "Nowhere Man",
      "Run for Your Life",
      "Think for Yourself",
      "Wait",
      "What Goes On",
      "The Word",
      "You Won't See Me"
    ],
    "name" : "Rubber Soul",
    "cover" : "rubber_soul",
    "wikipedia": "",
  },
  {
    "year" : 1967,
    "songs" : [
      "Being for the Benefit of Mr. Kite!",
      "A Day in the Life",
      "Fixing a Hole",
      "Getting Better",
      "Good Morning Good Morning",
      "Lovely Rita",
      "Lucy in the Sky with Diamonds",
      "Sgt. Pepper's Lonely Hearts Club Band (Reprise)",
      "Sgt. Pepper's Lonely Hearts Club Band",
      "She's Leaving Home",
      "When I'm Sixty-Four",
      "With a Little Help from My Friends",
      "Within You Without You"
    ],
    "name" : "Sgt. Pepper's Lonely Hearts Club Band",
    "cover" : "sgt_pepper",
    "wikipedia": "",
  }
]
