[
 {
   "name": "Across the Universe",
   "album": "Let It Be",
   "year": 1969
 },
 {
   "name": "Act Naturally",
   "album": "Help!",
   "year": 1965
 },
 {
   "name": "All I've Got to Do",
   "album": "With the Beatles",
   "year": 1963
 },
 {
   "name": "All My Loving",
   "album": "With the Beatles",
   "year": 1963
 },
 {
   "name": "All Together Now",
   "album": "Yellow Submarine",
   "year": 1969
 },
 {
   "name": "All You Need Is Love",
   "album": "Magical Mystery Tour",
   "year": 1967
 },
 {
   "name": "And I Love Her",
   "album": "A Hard Day's Night",
   "year": 1964
 },
 {
   "name": "And Your Bird Can Sing",
   "album": "Revolver",
   "year": 1966
 },
 {
   "name": "Anna (Go to Him)",
   "album": "Please Please Me",
   "year": 1963
 },
 {
   "name": "Another Girl",
   "album": "Help!",
   "year": 1965
 },
 {
   "name": "Any Time at All",
   "album": "A Hard Day's Night",
   "year": 1964
 },
 {
   "name": "Ask Me Why",
   "album": "Please Please Me",
   "year": 1963
 },
 {
   "name": "Baby It's You",
   "album": "Please Please Me",
   "year": 1963
 },
 {
   "name": "Baby, You're a Rich Man",
   "album": "Magical Mystery Tour",
   "year": 1967
 },
 {
   "name": "Baby's in Black",
   "album": "Beatles for Sale",
   "year": 1964
 },
 {
   "name": "Back in the U.S.S.R.",
   "album": "Beatles White Album",
   "year": 1968
 },
 {
   "name": "Bad Boy",
   "album": "Past Masters",
   "year": 1966
 },
 {
   "name": "The Ballad of John and Yoko",
   "album": "Past Masters",
   "year": 1969
 },
 {
   "name": "Because",
   "album": "Abbey Road",
   "year": 1969
 },
 {
   "name": "Being for the Benefit of Mr. Kite!",
   "album": "Sgt. Pepper's Lonely Hearts Club Band",
   "year": 1967
 },
 {
   "name": "Birthday",
   "album": "Beatles White Album",
   "year": 1968
 },
 {
   "name": "Blackbird",
   "album": "Beatles White Album",
   "year": 1968
 },
 {
   "name": "Blue Jay Way",
   "album": "Magical Mystery Tour",
   "year": 1967
 },
 {
   "name": "Boys",
   "album": "Please Please Me",
   "year": 1963
 },
 {
   "name": "Can't Buy Me Love",
   "album": "A Hard Day's Night",
   "year": 1964
 },
 {
   "name": "Carry That Weight",
   "album": "Abbey Road",
   "year": 1969
 },
 {
   "name": "Chains",
   "album": "Please Please Me",
   "year": 1963
 },
 {
   "name": "Come Together",
   "album": "Abbey Road",
   "year": 1969
 },
 {
   "name": "The Continuing Story of Bungalow Bill",
   "album": "Beatles White Album",
   "year": 1968
 },
 {
   "name": "Cry Baby Cry",
   "album": "Beatles White Album",
   "year": 1968
 },
 {
   "name": "A Day in the Life",
   "album": "Sgt. Pepper's Lonely Hearts Club Band",
   "year": 1967
 },
 {
   "name": "Day Tripper",
   "album": "Past Masters",
   "year": 1965
 },
 {
   "name": "Dear Prudence",
   "album": "Beatles White Album",
   "year": 1968
 },
 {
   "name": "Devil in Her Heart",
   "album": "With the Beatles",
   "year": 1963
 },
 {
   "name": "Dig a Pony",
   "album": "Let It Be",
   "year": 1970
 },
 {
   "name": "Dig It",
   "album": "Let It Be",
   "year": 1970
 },
 {
   "name": "Dizzy, Miss Lizzy",
   "album": "Help!",
   "year": 1965
 },
 {
   "name": "Do You Want to Know a Secret",
   "album": "Please Please Me",
   "year": 1963
 },
 {
   "name": "Doctor Robert",
   "album": "Revolver",
   "year": 1966
 },
 {
   "name": "Don't Bother Me",
   "album": "With the Beatles",
   "year": 1963
 },
 {
   "name": "Don't Let Me Down",
   "album": "Past Masters",
   "year": 1969
 },
 {
   "name": "Don't Pass Me By",
   "album": "Beatles White Album",
   "year": 1968
 },
 {
   "name": "Drive My Car",
   "album": "Rubber Soul",
   "year": 1965
 },
 {
   "name": "Eight Days a Week",
   "album": "Beatles for Sale",
   "year": 1964
 },
 {
   "name": "Eleanor Rigby",
   "album": "Revolver",
   "year": 1966
 },
 {
   "name": ">The End",
   "album": "Abbey Road",
   "year": 1969
 },
 {
   "name": "Every Little Thing",
   "album": "Beatles for Sale",
   "year": 1964
 },
 {
   "name": "Everybody's Got Something to Hide Except Me and My Monkey",
   "album": "Beatles White Album",
   "year": 1968
 },
 {
   "name": "Everybody's Trying to Be My Baby",
   "album": "Beatles for Sale",
   "year": 1964
 },
 {
   "name": "Fixing a Hole",
   "album": "Sgt. Pepper's Lonely Hearts Club Band",
   "year": 1967
 },
 {
   "name": "Flying",
   "album": "Magical Mystery Tour",
   "year": 1967
 },
 {
   "name": "The Fool on the Hill",
   "album": "Magical Mystery Tour",
   "year": 1967
 },
 {
   "name": "For No One",
   "album": "Revolver",
   "year": 1966
 },
 {
   "name": "For You Blue",
   "album": "Let It Be",
   "year": 1970
 },
 {
   "name": "From Me to You",
   "album": "Past Masters",
   "year": 1963
 },
 {
   "name": "Get Back",
   "album": "Let It Be",
   "year": 1969
 },
 {
   "name": "Getting Better",
   "album": "Sgt. Pepper's Lonely Hearts Club Band",
   "year": 1967
 },
 {
   "name": "Girl",
   "album": "Rubber Soul",
   "year": 1965
 },
 {
   "name": "Glass Onion",
   "album": "Beatles White Album",
   "year": 1968
 },
 {
   "name": "Golden Slumbers",
   "album": "Abbey Road",
   "year": 1969
 },
 {
   "name": "Good Day Sunshine",
   "album": "Revolver",
   "year": 1966
 },
 {
   "name": "Good Morning Good Morning",
   "album": "Sgt. Pepper's Lonely Hearts Club Band",
   "year": 1967
 },
 {
   "name": "Good Night",
   "album": "Beatles White Album",
   "year": 1968
 },
 {
   "name": "Got to Get You into My Life",
   "album": "Revolver",
   "year": 1966
 },
 {
   "name": "Happiness Is a Warm Gun",
   "album": "Beatles White Album",
   "year": 1968
 },
 {
   "name": "A Hard Day's Night",
   "album": "A Hard Day's Night",
   "year": 1964
 },
 {
   "name": "Hello, Goodbye",
   "album": "Magical Mystery Tour",
   "year": 1967
 },
 {
   "name": "Help!",
   "album": "Help!",
   "year": 1965
 },
 {
   "name": "Helter Skelter",
   "album": "Beatles White Album",
   "year": 1968
 },
 {
   "name": "Her Majesty",
   "album": "Abbey Road",
   "year": 1969
 },
 {
   "name": "Here Comes the Sun",
   "album": "Abbey Road",
   "year": 1969
 },
 {
   "name": "Here, There and Everywhere",
   "album": "Revolver",
   "year": 1966
 },
 {
   "name": "Hey Bulldog",
   "album": "Yellow Submarine",
   "year": 1969
 },
 {
   "name": "Hey Jude",
   "album": "Past Masters",
   "year": 1968
 },
 {
   "name": "Hold Me Tight",
   "album": "With the Beatles",
   "year": 1963
 },
 {
   "name": "Honey Don't",
   "album": "Beatles for Sale",
   "year": 1964
 },
 {
   "name": "Honey Pie",
   "album": "Beatles White Album",
   "year": 1968
 },
 {
   "name": "I Am the Walrus",
   "album": "Magical Mystery Tour",
   "year": 1967
 },
 {
   "name": "I Call Your Name",
   "album": "Past Masters",
   "year": 1964
 },
 {
   "name": "I Don't Want to Spoil the Party",
   "album": "Beatles for Sale",
   "year": 1964
 },
 {
   "name": "I Feel Fine",
   "album": "Past Masters",
   "year": 1964
 },
 {
   "name": "I Me Mine",
   "album": "Let It Be",
   "year": 1970
 },
 {
   "name": "I Need You",
   "album": "Help!",
   "year": 1965
 },
 {
   "name": "I Saw Her Standing There",
   "album": "Please Please Me",
   "year": 1963
 },
 {
   "name": "I Should Have Known Better",
   "album": "A Hard Day's Night",
   "year": 1964
 },
 {
   "name": "I Wanna Be Your Man",
   "album": "With the Beatles",
   "year": 1963
 },
 {
   "name": "I Want to Hold Your Hand",
   "album": "Past Masters",
   "year": 1963
 },
 {
   "name": "I Want to Tell You",
   "album": "Revolver",
   "year": 1966
 },
 {
   "name": "I Want You (She's So Heavy)",
   "album": "Abbey Road",
   "year": 1969
 },
 {
   "name": "I Will",
   "album": "Beatles White Album",
   "year": 1968
 },
 {
   "name": "I'll Be Back",
   "album": "A Hard Day's Night",
   "year": 1964
 },
 {
   "name": "I'll Cry Instead",
   "album": "A Hard Day's Night",
   "year": 1964
 },
 {
   "name": "I'll Follow the Sun",
   "album": "Beatles for Sale",
   "year": 1964
 },
 {
   "name": "I'll Get You",
   "album": "Past Masters",
   "year": 1963
 },
 {
   "name": "I'm a Loser",
   "album": "Beatles for Sale",
   "year": 1964
 },
 {
   "name": "I'm Down",
   "album": "Past Masters",
   "year": 1965
 },
 {
   "name": "I'm Happy Just to Dance with You",
   "album": "A Hard Day's Night",
   "year": 1964
 },
 {
   "name": "I'm Looking Through You",
   "album": "Rubber Soul",
   "year": 1965
 },
 {
   "name": "I'm Only Sleeping",
   "album": "Revolver",
   "year": 1966
 },
 {
   "name": "I'm So Tired",
   "album": "Beatles White Album",
   "year": 1968
 },
 {
   "name": "I've Got a Feeling",
   "album": "Let It Be",
   "year": 1970
 },
 {
   "name": "I've Just Seen a Face",
   "album": "Help!",
   "year": 1965
 },
 {
   "name": "If I Fell",
   "album": "A Hard Day's Night",
   "year": 1964
 },
 {
   "name": "If I Needed Someone",
   "album": "Rubber Soul",
   "year": 1965
 },
 {
   "name": "In My Life",
   "album": "Rubber Soul",
   "year": 1965
 },
 {
   "name": "The Inner Light",
   "album": "Past Masters",
   "year": 1968
 },
 {
   "name": "It Won't Be Long",
   "album": "With the Beatles",
   "year": 1963
 },
 {
   "name": "It's All Too Much",
   "album": "Yellow Submarine",
   "year": 1969
 },
 {
   "name": "It's Only Love",
   "album": "Help!",
   "year": 1965
 },
 {
   "name": "Julia",
   "album": "Beatles White Album",
   "year": 1968
 },
 {
   "name": "Kansas City/Hey-Hey-Hey-Hey!",
   "album": "Beatles for Sale",
   "year": 1964
 },
 {
   "name": "Komm, gib mir deine Hand",
   "album": "Past Masters",
   "year": 1964
 },
 {
   "name": "Lady Madonna",
   "album": "Past Masters",
   "year": 1968
 },
 {
   "name": "Let It Be",
   "album": "Let It Be",
   "year": 1970
 },
 {
   "name": "Little Child",
   "album": "With the Beatles",
   "year": 1963
 },
 {
   "name": "The Long and Winding Road",
   "album": "Let It Be",
   "year": 1970
 },
 {
   "name": "Long Tall Sally",
   "album": "Past Masters",
   "year": 1964
 },
 {
   "name": "Long, Long, Long",
   "album": "Beatles White Album",
   "year": 1968
 },
 {
   "name": "Love Me Do",
   "album": "Please Please Me",
   "year": 1962,
 },
 {
   "name": "Love You To",
   "album": "Revolver",
   "year": 1966
 },
 {
   "name": "Lovely Rita",
   "album": "Sgt. Pepper's Lonely Hearts Club Band",
   "year": 1967
 },
 {
   "name": "Lucy in the Sky with Diamonds",
   "album": "Sgt. Pepper's Lonely Hearts Club Band",
   "year": 1967
 },
 {
   "name": "Maggie Mae",
   "album": "Let It Be",
   "year": 1970
 },
 {
   "name": "Magical Mystery Tour",
   "album": "Magical Mystery Tour",
   "year": 1967
 },
 {
   "name": "Martha My Dear",
   "album": "Beatles White Album",
   "year": 1968
 },
 {
   "name": "Matchbox",
   "album": "Past Masters",
   "year": 1964
 },
 {
   "name": "Maxwell's Silver Hammer",
   "album": "Abbey Road",
   "year": 1969
 },
 {
   "name": "Mean Mr. Mustard",
   "album": "Abbey Road",
   "year": 1969
 },
 {
   "name": "Michelle",
   "album": "Rubber Soul",
   "year": 1965
 },
 {
   "name": "Misery",
   "album": "Please Please Me",
   "year": 1963
 },
 {
   "name": "Money (That's What I Want)",
   "album": "With the Beatles",
   "year": 1963
 },
 {
   "name": "Mother Nature's Son",
   "album": "Beatles White Album",
   "year": 1968
 },
 {
   "name": "Mr. Moonlight",
   "album": "Beatles for Sale",
   "year": 1964
 },
 {
   "name": "The Night Before",
   "album": "Help!",
   "year": 1965
 },
 {
   "name": "No Reply",
   "album": "Beatles for Sale",
   "year": 1964
 },
 {
   "name": "Norwegian Wood (This Bird Has Flown)",
   "album": "Rubber Soul",
   "year": 1965
 },
 {
   "name": "Not a Second Time",
   "album": "With the Beatles",
   "year": 1963
 },
 {
   "name": "Nowhere Man",
   "album": "Rubber Soul",
   "year": 1965
 },
 {
   "name": "Ob-La-Di, Ob-La-Da",
   "album": "Beatles White Album",
   "year": 1968
 },
 {
   "name": "Octopus's Garden",
   "album": "Abbey Road",
   "year": 1969
 },
 {
   "name": "Oh! Darling",
   "album": "Abbey Road",
   "year": 1969
 },
 {
   "name": "Old Brown Shoe",
   "album": "Past Masters",
   "year": 1969
 },
 {
   "name": "One After 909",
   "album": "Let It Be",
   "year": 1970
 },
 {
   "name": "Only a Northern Song",
   "album": "Yellow Submarine",
   "year": 1969
 },
 {
   "name": "P.S. I Love You",
   "album": "Please Please Me",
   "year": 1962,
 },
 {
   "name": "Paperback Writer",
   "album": "Past Masters",
   "year": 1966
 },
 {
   "name": "Penny Lane",
   "album": "Magical Mystery Tour",
   "year": 1967
 },
 {
   "name": "Piggies",
   "album": "Beatles White Album",
   "year": 1968
 },
 {
   "name": "Please Mr. Postman",
   "album": "With the Beatles",
   "year": 1963
 },
 {
   "name": "Please Please Me",
   "album": "Please Please Me",
   "year": 1963
 },
 {
   "name": "Polythene Pam",
   "album": "Abbey Road",
   "year": 1969
 },
 {
   "name": "Rain",
   "album": "Past Masters",
   "year": 1966
 },
 {
   "name": "Revolution 1",
   "album": "Beatles White Album",
   "year": 1968
 },
 {
   "name": "Revolution 9",
   "album": "Beatles White Album",
   "year": 1968
 },
 {
   "name": "Revolution",
   "album": "Past Masters",
   "year": 1968
 },
 {
   "name": "Rock and Roll Music",
   "album": "Beatles for Sale",
   "year": 1964
 },
 {
   "name": "Rocky Raccoon",
   "album": "Beatles White Album",
   "year": 1968
 },
 {
   "name": "Roll Over Beethoven",
   "album": "With the Beatles",
   "year": 1963
 },
 {
   "name": "Run for Your Life",
   "album": "Rubber Soul",
   "year": 1965
 },
 {
   "name": "Savoy Truffle",
   "album": "Beatles White Album",
   "year": 1968
 },
 {
   "name": "Sexy Sadie",
   "album": "Beatles White Album",
   "year": 1968
 },
 {
   "name": "Sgt. Pepper's Lonely Hearts Club Band (Reprise)",
   "album": "Sgt. Pepper's Lonely Hearts Club Band",
   "year": 1967
 },
 {
   "name": "Sgt. Pepper's Lonely Hearts Club Band",
   "album": "Sgt. Pepper's Lonely Hearts Club Band",
   "year": 1967
 },
 {
   "name": "She Came In Through the Bathroom Window",
   "album": "Abbey Road",
   "year": 1969
 },
 {
   "name": "She Loves You",
   "album": "Past Masters",
   "year": 1963
 },
 {
   "name": "She Said She Said",
   "album": "Revolver",
   "year": 1966
 },
 {
   "name": "She's a Woman",
   "album": "Past Masters",
   "year": 1964
 },
 {
   "name": "She's Leaving Home",
   "album": "Sgt. Pepper's Lonely Hearts Club Band",
   "year": 1967
 },
 {
   "name": "Sie liebt dich",
   "album": "Past Masters",
   "year": 1964
 },
 {
   "name": "Slow Down",
   "album": "Past Masters",
   "year": 1964
 },
 {
   "name": "Something",
   "album": "Abbey Road",
   "year": 1969
 },
 {
   "name": "Strawberry Fields Forever",
   "album": "Magical Mystery Tour",
   "year": 1967
 },
 {
   "name": "Sun King",
   "album": "Abbey Road",
   "year": 1969
 },
 {
   "name": "A Taste of Honey",
   "album": "Please Please Me",
   "year": 1963
 },
 {
   "name": "Taxman",
   "album": "Revolver",
   "year": 1966
 },
 {
   "name": "Tell Me What You See",
   "album": "Help!",
   "year": 1965
 },
 {
   "name": "Tell Me Why",
   "album": "A Hard Day's Night",
   "year": 1964
 },
 {
   "name": "Thank You Girl",
   "album": "Past Masters",
   "year": 1963
 },
 {
   "name": "There's a Place",
   "album": "Please Please Me",
   "year": 1963
 },
 {
   "name": "Things We Said Today",
   "album": "A Hard Day's Night",
   "year": 1964
 },
 {
   "name": "Think for Yourself",
   "album": "Rubber Soul",
   "year": 1965
 },
 {
   "name": "This Boy",
   "album": "Past Masters",
   "year": 1963
 },
 {
   "name": "Ticket to Ride",
   "album": "Help!",
   "year": 1965
 },
 {
   "name": "Till There Was You",
   "album": "With the Beatles",
   "year": 1963
 },
 {
   "name": "Tomorrow Never Knows",
   "album": "Revolver",
   "year": 1966
 },
 {
   "name": "Twist and Shout",
   "album": "Please Please Me",
   "year": 1963
 },
 {
   "name": "Two of Us",
   "album": "Let It Be",
   "year": 1970
 },
 {
   "name": "Wait",
   "album": "Rubber Soul",
   "year": 1965
 },
 {
   "name": "We Can Work It Out",
   "album": "Past Masters",
   "year": 1965
 },
 {
   "name": "What Goes On",
   "album": "Rubber Soul",
   "year": 1965
 },
 {
   "name": "What You're Doing",
   "album": "Beatles for Sale",
   "year": 1964
 },
 {
   "name": "When I Get Home",
   "album": "A Hard Day's Night",
   "year": 1964
 },
 {
   "name": "When I'm Sixty-Four",
   "album": "Sgt. Pepper's Lonely Hearts Club Band",
   "year": 1967
 },
 {
   "name": "While My Guitar Gently Weeps",
   "album": "Beatles White Album",
   "year": 1968
 },
 {
   "name": "Why Don't We Do It in the Road?",
   "album": "Beatles White Album",
   "year": 1968
 },
 {
   "name": "Wild Honey Pie",
   "album": "Beatles White Album",
   "year": 1968
 },
 {
   "name": "With a Little Help from My Friends",
   "album": "Sgt. Pepper's Lonely Hearts Club Band",
   "year": 1967
 },
 {
   "name": "Within You Without You",
   "album": "Sgt. Pepper's Lonely Hearts Club Band",
   "year": 1967
 },
 {
   "name": "The Word",
   "album": "Rubber Soul",
   "year": 1965
 },
 {
   "name": "Words of Love",
   "album": "Beatles for Sale",
   "year": 1964
 },
 {
   "name": "Yellow Submarine",
   "album": "Revolver",
   "year": 1966
 },
 {
   "name": "Yer Blues",
   "album": "Beatles White Album",
   "year": 1968
 },
 {
   "name": "Yes It Is",
   "album": "Past Masters",
   "year": 1965
 },
 {
   "name": "Yesterday",
   "album": "Help!",
   "year": 1965
 },
 {
   "name": "You Can't Do That",
   "album": "A Hard Day's Night",
   "year": 1964
 },
 {
   "name": "You Know My Name (Look Up the Number)",
   "album": "Past Masters",
   "year": 1970
 },
 {
   "name": "You Like Me Too Much",
   "album": "Help!",
   "year": 1965
 },
 {
   "name": "You Never Give Me Your Money",
   "album": "Abbey Road",
   "year": 1969
 },
 {
   "name": "You Really Got a Hold on Me",
   "album": "With the Beatles",
   "year": 1963
 },
 {
   "name": "You Won't See Me",
   "album": "Rubber Soul",
   "year": 1965
 },
 {
   "name": "You're Going to Lose That Girl",
   "album": "Help!",
   "year": 1965
 },
 {
   "name": "You've Got to Hide Your Love Away",
   "album": "Help!",
   "year": 1965
 },
 {
   "name": "Your Mother Should Know",
   "album": "Magical Mystery Tour",
   "year": 1967
 }
]

